{"cameraMode":{"drawMode":0,"name":"Shaded","section":"Shading Mode"},"sceneLighting":true,"audioPlay":false,"sceneViewState":{"m_AlwaysRefresh":false,"showFog":true,"showSkybox":true,"showFlares":true,"showImageEffects":true,"showParticleSystems":true,"showVisualEffectGraphs":true,"m_FxEnabled":true},"in2DMode":false,"pivot":{"x":-4.941299915313721,"y":2.207763195037842,"z":0.021009862422943116},"rotation":{"x":-0.14542998373508454,"y":0.5817501544952393,"z":-0.10605203360319138,"w":-0.7936808466911316},"size":2.8034822940826418,"orthographic":false}