{"cameraMode":{"drawMode":0,"name":"Shaded","section":"Shading Mode"},"sceneLighting":true,"audioPlay":false,"sceneViewState":{"m_AlwaysRefresh":false,"showFog":true,"showSkybox":true,"showFlares":true,"showImageEffects":true,"showParticleSystems":true,"showVisualEffectGraphs":true,"m_FxEnabled":true},"in2DMode":false,"pivot":{"x":418.98687744140627,"y":261.3542175292969,"z":21.036895751953126},"rotation":{"x":0.003909278195351362,"y":0.0008228354272432625,"z":-0.00037522916682064533,"w":1.000434398651123},"size":301.9443664550781,"orthographic":false}